{
  "cx": 320.0000000074506,
  "cy": 240.00000000745058,
  "depth_scale": 1.0,
  "fx": 600.0,
  "fy": 600.0,
  "height": 480,
  "width": 640
}